"Time","Target Address",
"2022-02-12 12:00:00.001","C054D1",
"2022-02-12 12:00:00.016","43BE92",
"2022-02-12 12:00:00.051","89902F",
"2022-02-12 12:00:00.166","A2A3B5",
"2022-02-12 12:00:00.196","71BD79",
"2022-02-12 12:00:00.247","71BA09",
"2022-02-12 12:00:00.256","A6657E",
"2022-02-12 12:00:00.267","C038A7",
"2022-02-12 12:00:00.372","C038AA",
"2022-02-12 12:00:00.451","A09947",
"2022-02-12 12:00:00.451","43EC92",
"2022-02-12 12:00:00.455","3C4588",
"2022-02-12 12:00:00.467","A9FDEB",
"2022-02-12 12:00:00.500","780D9D",
"2022-02-12 12:00:00.506","C01A72",
"2022-02-12 12:00:00.518","7813BD",
"2022-02-12 12:00:00.553","C085EE",
"2022-02-12 12:00:00.609","71C045",
"2022-02-12 12:00:00.609","78168F",
"2022-02-12 12:00:00.651","A96B14",
"2022-02-12 12:00:00.659","A324D9",
"2022-02-12 12:00:00.678","A9605B",
"2022-02-12 12:00:00.704","86E780",
"2022-02-12 12:00:00.854","A561FD",
"2022-02-12 12:00:00.854","06A066",
"2022-02-12 12:00:00.915","847517",
"2022-02-12 12:00:00.955","867F8A",
"2022-02-12 12:00:00.973","A2A3B5",
"2022-02-12 12:00:01.013","89902F",
"2022-02-12 12:00:01.013","C054D1",
"2022-02-12 12:00:01.063","C01074",
"2022-02-12 12:00:01.068","A6657E",
"2022-02-12 12:00:01.176","43BE92",
"2022-02-12 12:00:01.208","71BD79",
"2022-02-12 12:00:01.327","C038A7",
"2022-02-12 12:00:01.327","7813BD",
"2022-02-12 12:00:01.368","3C4588",
"2022-02-12 12:00:01.377","C038AA",
"2022-02-12 12:00:01.411","71BA09",
"2022-02-12 12:00:01.427","A9FDEB",
"2022-02-12 12:00:01.511","A09947",
"2022-02-12 12:00:01.512","71C041",
"2022-02-12 12:00:01.563","71C045",
"2022-02-12 12:00:01.613","78168F",
"2022-02-12 12:00:01.613","86E780",
"2022-02-12 12:00:01.614","43EC92",
"2022-02-12 12:00:01.621","A324D9",
"2022-02-12 12:00:01.664","780D9D",
"2022-02-12 12:00:01.671","C01A72",
"2022-02-12 12:00:01.680","A9605B",
"2022-02-12 12:00:01.764","A96B14",
"2022-02-12 12:00:01.815","780D9F",
"2022-02-12 12:00:01.815","A561FD",
"2022-02-12 12:00:01.817","06A066",
"2022-02-12 12:00:01.817","C0309A",
"2022-02-12 12:00:01.823","C01074",
"2022-02-12 12:00:01.868","867F8A",
"2022-02-12 12:00:01.874","89902F",
"2022-02-12 12:00:01.919","C1F907",
"2022-02-12 12:00:01.924","C054D1",
"2022-02-12 12:00:01.982","A2A3B5",
"2022-02-12 12:00:02.082","4D0115",
"2022-02-12 12:00:02.082","847517",
"2022-02-12 12:00:02.084","43BE92",
"2022-02-12 12:00:02.118","71BD79",
"2022-02-12 12:00:02.286","A6657E",
"2022-02-12 12:00:02.322","71BA09",
"2022-02-12 12:00:02.337","C038A7",
"2022-02-12 12:00:02.337","7813BD",
"2022-02-12 12:00:02.423","78168F",
"2022-02-12 12:00:02.439","C038AA",
"2022-02-12 12:00:02.475","71C041",
"2022-02-12 12:00:02.531","C01A72",
"2022-02-12 12:00:02.541","A9605B",
"2022-02-12 12:00:02.575","A09947",
"2022-02-12 12:00:02.575","86E780",
"2022-02-12 12:00:02.624","780D9F",
"2022-02-12 12:00:02.625","43EC92",
"2022-02-12 12:00:02.675","780D9D",
"2022-02-12 12:00:02.676","06A066",
"2022-02-12 12:00:02.727","A96B14",
"2022-02-12 12:00:02.735","A324D9",
"2022-02-12 12:00:02.735","89902F",
"2022-02-12 12:00:02.743","A9FDEB",
"2022-02-12 12:00:02.775","A561FD",
"2022-02-12 12:00:02.886","C01074",
"2022-02-12 12:00:02.886","C054D1",
"2022-02-12 12:00:02.892","847517",
"2022-02-12 12:00:02.944","43BE92",
"2022-02-12 12:00:02.994","4D0115",
"2022-02-12 12:00:03.030","867F8A",
"2022-02-12 12:00:03.037","3C4588",
"2022-02-12 12:00:03.045","A6657E",
"2022-02-12 12:00:03.096","A2A3B5",
"2022-02-12 12:00:03.130","71BD79",
"2022-02-12 12:00:03.284","71BA09",
"2022-02-12 12:00:03.300","C038A7",
"2022-02-12 12:00:03.450","C038AA",
"2022-02-12 12:00:03.487","78168F",
"2022-02-12 12:00:03.538","86E780",
"2022-02-12 12:00:03.589","A09947",
"2022-02-12 12:00:03.595","C01A72",
"2022-02-12 12:00:03.639","43EC92",
"2022-02-12 12:00:03.688","A561FD",
"2022-02-12 12:00:03.690","06A066",
"2022-02-12 12:00:03.690","C0309A",
"2022-02-12 12:00:03.690","A96B14",
"2022-02-12 12:00:03.696","89902F",
"2022-02-12 12:00:03.703","A9FDEB",
"2022-02-12 12:00:03.797","A324D9",
"2022-02-12 12:00:03.806","847517",
"2022-02-12 12:00:03.905","43BE92",
"2022-02-12 12:00:03.906","A6657E",
"2022-02-12 12:00:03.941","C085EE",
"2022-02-12 12:00:03.949","C01074",
"2022-02-12 12:00:03.949","C054D1",
"2022-02-12 12:00:03.955","A2A3B5",
"2022-02-12 12:00:04.005","A9605B",
"2022-02-12 12:00:04.044","71C045",
"2022-02-12 12:00:04.050","3C4588",
"2022-02-12 12:00:04.092","780D9D",
"2022-02-12 12:00:04.092","71BD79",
"2022-02-12 12:00:04.095","867F8A",
"2022-02-12 12:00:04.159","4D0115",
"2022-02-12 12:00:04.306","71BA09",
"2022-02-12 12:00:04.306","78168F",
"2022-02-12 12:00:04.310","7813BD",
"2022-02-12 12:00:04.310","C038A7",
"2022-02-12 12:00:04.349","86E780",
"2022-02-12 12:00:04.397","780D9F",
"2022-02-12 12:00:04.399","71C041",
"2022-02-12 12:00:04.400","A09947",
"2022-02-12 12:00:04.550","A561FD",
"2022-02-12 12:00:04.613","C038AA",
"2022-02-12 12:00:04.613","A9FDEB",
"2022-02-12 12:00:04.708","C01A72",
"2022-02-12 12:00:04.708","89902F",
"2022-02-12 12:00:04.756","43EC92",
"2022-02-12 12:00:04.756","06A066",
"2022-02-12 12:00:04.767","847517",
"2022-02-12 12:00:04.904","C085EE",
"2022-02-12 12:00:04.905","A96B14",
"2022-02-12 12:00:04.909","A324D9",
"2022-02-12 12:00:04.915","A2A3B5",
"2022-02-12 12:00:04.967","43BE92",
"2022-02-12 12:00:04.970","A6657E",
"2022-02-12 12:00:05.009","867F8A",
"2022-02-12 12:00:05.011","C01074",
"2022-02-12 12:00:05.011","3C4588",
"2022-02-12 12:00:05.016","A9605B",
"2022-02-12 12:00:05.107","71BD79",
"2022-02-12 12:00:05.122","4D0115",
"2022-02-12 12:00:05.157","780D9D",
"2022-02-12 12:00:05.208","71BA09",
"2022-02-12 12:00:05.219","7813BD",
"2022-02-12 12:00:05.309","780D9F",
"2022-02-12 12:00:05.310","A09947",
"2022-02-12 12:00:05.412","86E780",
"2022-02-12 12:00:05.421","C038A7",
"2022-02-12 12:00:05.465","71C045",
"2022-02-12 12:00:05.562","A561FD",
"2022-02-12 12:00:05.566","89902F",
"2022-02-12 12:00:05.573","A9FDEB",
"2022-02-12 12:00:05.674","C038AA",
"2022-02-12 12:00:05.717","43EC92",
"2022-02-12 12:00:05.769","C01A72",
"2022-02-12 12:00:05.817","06A066",
"2022-02-12 12:00:05.830","847517",
"2022-02-12 12:00:05.830","A6657E",
"2022-02-12 12:00:05.870","A324D9",
"2022-02-12 12:00:05.977","43BE92",
"2022-02-12 12:00:06.020","3C4588",
"2022-02-12 12:00:06.027","A2A3B5",
"2022-02-12 12:00:06.032","4D0115",
"2022-02-12 12:00:06.069","867F8A",
"2022-02-12 12:00:06.071","C01074",
"2022-02-12 12:00:06.077","A9605B",
"2022-02-12 12:00:06.229","7813BD",
"2022-02-12 12:00:06.270","A09947",
"2022-02-12 12:00:06.322","71BA09",
"2022-02-12 12:00:06.322","A96B14",
"2022-02-12 12:00:06.329","C038A7",
"2022-02-12 12:00:06.473","78168F",
"2022-02-12 12:00:06.481","A9FDEB",
"2022-02-12 12:00:06.523","A561FD",
"2022-02-12 12:00:06.574","780D9D",
"2022-02-12 12:00:06.574","86E780",
"2022-02-12 12:00:06.588","847517",
"2022-02-12 12:00:06.677","89902F",
"2022-02-12 12:00:06.677","A324D9",
"2022-02-12 12:00:06.684","C038AA",
"2022-02-12 12:00:06.726","43EC92",
"2022-02-12 12:00:06.778","06A066",
"2022-02-12 12:00:06.778","780D9F",
"2022-02-12 12:00:06.829","C01A72",
"2022-02-12 12:00:06.929","867F8A",
"2022-02-12 12:00:06.929","C1F907",
"2022-02-12 12:00:06.930","C01074",
"2022-02-12 12:00:06.938","A2A3B5",
"2022-02-12 12:00:06.980","71C041",
"2022-02-12 12:00:06.980","C085EE",
"2022-02-12 12:00:06.989","43BE92",
"2022-02-12 12:00:07.032","C054D1",
"2022-02-12 12:00:07.043","A6657E",
"2022-02-12 12:00:07.043","4D0115",
"2022-02-12 12:00:07.083","3C4588",
"2022-02-12 12:00:07.183","71BD79",
"2022-02-12 12:00:07.191","A9605B",
"2022-02-12 12:00:07.191","7813BD",
"2022-02-12 12:00:07.282","A96B14",
"2022-02-12 12:00:07.292","C038A7",
"2022-02-12 12:00:07.333","A09947",
"2022-02-12 12:00:07.333","71BA09",
"2022-02-12 12:00:07.485","78168F",
"2022-02-12 12:00:07.487","71C045",
"2022-02-12 12:00:07.487","780D9D",
"2022-02-12 12:00:07.487","A561FD",
"2022-02-12 12:00:07.494","A9FDEB",
"2022-02-12 12:00:07.595","C038AA",
"2022-02-12 12:00:07.636","86E780",
"2022-02-12 12:00:07.638","43EC92",
"2022-02-12 12:00:07.690","89902F",
"2022-02-12 12:00:07.702","847517",
"2022-02-12 12:00:07.739","06A066",
"2022-02-12 12:00:07.740","A324D9",
"2022-02-12 12:00:07.943","C054D1",
"2022-02-12 12:00:07.994","C01074",
"2022-02-12 12:00:08.002","A2A3B5",
"2022-02-12 12:00:08.002","43BE92",
"2022-02-12 12:00:08.002","A9605B",
"2022-02-12 12:00:08.008","4D0115",
"2022-02-12 12:00:08.008","A6657E",
"2022-02-12 12:00:08.046","C01A72",
"2022-02-12 12:00:08.093","867F8A",
"2022-02-12 12:00:08.144","C085EE",
"2022-02-12 12:00:08.196","71BD79",
"2022-02-12 12:00:08.245","A09947",
"2022-02-12 12:00:08.256","7813BD",
"2022-02-12 12:00:08.295","A96B14",
"2022-02-12 12:00:08.297","780D9F",
"2022-02-12 12:00:08.346","78168F",
"2022-02-12 12:00:08.407","C038A7",
"2022-02-12 12:00:08.500","A561FD",
"2022-02-12 12:00:08.550","89902F",
"2022-02-12 12:00:08.600","3C4588",
"2022-02-12 12:00:08.601","71C041",
"2022-02-12 12:00:08.602","780D9D",
"2022-02-12 12:00:08.610","A9FDEB",
"2022-02-12 12:00:08.610","C038AA",
"2022-02-12 12:00:08.652","C0309A",
"2022-02-12 12:00:08.700","86E780",
"2022-02-12 12:00:08.704","06A066",
"2022-02-12 12:00:08.717","847517",
"2022-02-12 12:00:08.752","A324D9",
"2022-02-12 12:00:08.862","A2A3B5",
"2022-02-12 12:00:08.869","4D0115",
"2022-02-12 12:00:08.903","C01A72",
"2022-02-12 12:00:08.903","C01074",
"2022-02-12 12:00:09.013","43BE92",
"2022-02-12 12:00:09.020","A6657E",
"2022-02-12 12:00:09.056","867F8A",
"2022-02-12 12:00:09.105","A09947",
"2022-02-12 12:00:09.105","A96B14",
"2022-02-12 12:00:09.115","A9605B",
"2022-02-12 12:00:09.258","78168F",
"2022-02-12 12:00:09.262","71BD79",
"2022-02-12 12:00:09.268","C038A7",
"2022-02-12 12:00:09.307","71BA09",
"2022-02-12 12:00:09.309","780D9F",
"2022-02-12 12:00:09.310","71C045",
"2022-02-12 12:00:09.318","7813BD",
"2022-02-12 12:00:09.358","A84343",
"2022-02-12 12:00:09.460","A561FD",
"2022-02-12 12:00:09.460","43EC92",
"2022-02-12 12:00:09.510","89902F",
"2022-02-12 12:00:09.511","780D9D",
"2022-02-12 12:00:09.561","86E780",
"2022-02-12 12:00:09.573","C038AA",
"2022-02-12 12:00:09.624","A9FDEB",
"2022-02-12 12:00:09.628","847517",
"2022-02-12 12:00:09.712","A324D9",
"2022-02-12 12:00:09.865","C01A72",
"2022-02-12 12:00:09.865","C01074",
"2022-02-12 12:00:09.881","A6657E",
"2022-02-12 12:00:09.918","06A066",
"2022-02-12 12:00:09.928","A2A3B5",
"2022-02-12 12:00:10.068","A09947",
"2022-02-12 12:00:10.068","78168F",
"2022-02-12 12:00:10.069","867F8A",
"2022-02-12 12:00:10.131","C038A7",
"2022-02-12 12:00:10.131","A9605B",
"2022-02-12 12:00:10.169","A96B14",
"2022-02-12 12:00:10.219","3C4588",
"2022-02-12 12:00:10.221","71BD79",
"2022-02-12 12:00:10.223","71C045",
"2022-02-12 12:00:10.372","780D9F",
"2022-02-12 12:00:10.423","71BA09",
"2022-02-12 12:00:10.435","7813BD",
"2022-02-12 12:00:10.472","C054D1",
"2022-02-12 12:00:10.476","43EC92",
"2022-02-12 12:00:10.486","A9FDEB",
"2022-02-12 12:00:10.522","89902F",
"2022-02-12 12:00:10.573","A324D9",
"2022-02-12 12:00:10.575","C085EE",
"2022-02-12 12:00:10.575","780D9D",
"2022-02-12 12:00:10.575","A561FD",
"2022-02-12 12:00:10.575","86E780",
"2022-02-12 12:00:10.638","C038AA",
"2022-02-12 12:00:10.638","43BE92",
"2022-02-12 12:00:10.639","847517",
"2022-02-12 12:00:10.725","C01074",
"2022-02-12 12:00:10.732","C0309A",
"2022-02-12 12:00:10.740","4D0115",
"2022-02-12 12:00:10.833","06A066",
"2022-02-12 12:00:10.892","A6657E",
"2022-02-12 12:00:10.928","C01A72",
"2022-02-12 12:00:10.941","A2A3B5",
"2022-02-12 12:00:10.981","A84343",
"2022-02-12 12:00:11.084","867F8A",
"2022-02-12 12:00:11.132","A09947",
"2022-02-12 12:00:11.132","78168F",
"2022-02-12 12:00:11.144","C038A7",
"2022-02-12 12:00:11.181","71BD79",
"2022-02-12 12:00:11.233","3C4588",
"2022-02-12 12:00:11.246","A9605B",
"2022-02-12 12:00:11.333","71BA09",
"2022-02-12 12:00:11.384","C054D1",
"2022-02-12 12:00:11.399","7813BD",
"2022-02-12 12:00:11.434","89902F",
"2022-02-12 12:00:11.434","780D9F",
"2022-02-12 12:00:11.438","43EC92",
"2022-02-12 12:00:11.449","A9FDEB",
"2022-02-12 12:00:11.586","C01074",
"2022-02-12 12:00:11.637","A324D9",
"2022-02-12 12:00:11.637","86E780",
"2022-02-12 12:00:11.637","A96B14",
"2022-02-12 12:00:11.637","A561FD",
"2022-02-12 12:00:11.653","C038AA",
"2022-02-12 12:00:11.653","43BE92",
"2022-02-12 12:00:11.743","71C045",
"2022-02-12 12:00:11.809","847517",
"2022-02-12 12:00:11.855","4D0115",
"2022-02-12 12:00:11.892","C01A72",
"2022-02-12 12:00:11.895","867F8A",
"2022-02-12 12:00:11.895","06A066",
"2022-02-12 12:00:11.905","A6657E",
"2022-02-12 12:00:11.944","A84343",
"2022-02-12 12:00:11.948","C1F907",
"2022-02-12 12:00:12.042","A09947",
"2022-02-12 12:00:12.060","A2A3B5",
"2022-02-12 12:00:12.060","A9605B",
"2022-02-12 12:00:12.145","78168F",
"2022-02-12 12:00:12.145","71BD79",
"2022-02-12 12:00:12.193","3C4588",
"2022-02-12 12:00:12.195","780D9D",
"2022-02-12 12:00:12.245","C054D1",
"2022-02-12 12:00:12.313","7813BD",
"2022-02-12 12:00:12.313","C038A7",
"2022-02-12 12:00:12.396","71BA09",
"2022-02-12 12:00:12.413","A9FDEB",
"2022-02-12 12:00:12.450","43EC92",
"2022-02-12 12:00:12.498","89902F",
"2022-02-12 12:00:12.500","780D9F",
"2022-02-12 12:00:12.551","71C041",
"2022-02-12 12:00:12.599","A96B14",
"2022-02-12 12:00:12.600","C01074",
"2022-02-12 12:00:12.651","C085EE",
"2022-02-12 12:00:12.651","A561FD",
"2022-02-12 12:00:12.651","A324D9",
"2022-02-12 12:00:12.700","86E780",
"2022-02-12 12:00:12.768","C038AA",
"2022-02-12 12:00:12.815","847517",
"2022-02-12 12:00:12.902","A84343",
"2022-02-12 12:00:12.916","4D0115",
"2022-02-12 12:00:12.957","867F8A",
"2022-02-12 12:00:12.967","A6657E",
"2022-02-12 12:00:12.971","43BE92",
"2022-02-12 12:00:13.009","C01A72",
"2022-02-12 12:00:13.021","A2A3B5",
"2022-02-12 12:00:13.055","78168F",
"2022-02-12 12:00:13.055","71BD79",
"2022-02-12 12:00:13.106","A09947",
"2022-02-12 12:00:13.122","C038A7",
"2022-02-12 12:00:13.162","C054D1",
"2022-02-12 12:00:13.224","7813BD",
"2022-02-12 12:00:13.262","3C4588",
"2022-02-12 12:00:13.274","A9605B",
"2022-02-12 12:00:13.313","43EC92",
"2022-02-12 12:00:13.365","06A066",
"2022-02-12 12:00:13.377","A9FDEB",
"2022-02-12 12:00:13.461","C085EE",
"2022-02-12 12:00:13.461","71BA09",
"2022-02-12 12:00:13.465","71C041",
"2022-02-12 12:00:13.514","89902F",
"2022-02-12 12:00:13.563","780D9F",
"2022-02-12 12:00:13.566","C0309A",
"2022-02-12 12:00:13.613","A96B14",
"2022-02-12 12:00:13.614","A561FD",
"2022-02-12 12:00:13.618","71C045",
"2022-02-12 12:00:13.666","A324D9",
"2022-02-12 12:00:13.714","86E780",
"2022-02-12 12:00:13.716","C01074",
"2022-02-12 12:00:13.725","847517",
"2022-02-12 12:00:13.783","C038AA",
"2022-02-12 12:00:13.815","A84343",
"2022-02-12 12:00:13.868","780D9D",
"2022-02-12 12:00:13.926","A6657E",
"2022-02-12 12:00:13.934","43BE92",
"2022-02-12 12:00:13.969","71BD79",
"2022-02-12 12:00:13.976","4D0115",
"2022-02-12 12:00:14.017","A09947",
"2022-02-12 12:00:14.032","867F8A",
"2022-02-12 12:00:14.071","C01A72",
"2022-02-12 12:00:14.085","C038A7",
"2022-02-12 12:00:14.120","78168F",
"2022-02-12 12:00:14.136","7813BD",
"2022-02-12 12:00:14.171","3C4588",
"2022-02-12 12:00:14.237","A9605B",
"2022-02-12 12:00:14.373","71BA09",
"2022-02-12 12:00:14.378","43EC92",
"2022-02-12 12:00:14.477","780D9F",
"2022-02-12 12:00:14.491","A9FDEB",
"2022-02-12 12:00:14.526","C054D1",
"2022-02-12 12:00:14.576","A96B14",
"2022-02-12 12:00:14.577","89902F",
"2022-02-12 12:00:14.579","C0309A",
"2022-02-12 12:00:14.628","A561FD",
"2022-02-12 12:00:14.683","847517",
"2022-02-12 12:00:14.694","C038AA",
"2022-02-12 12:00:14.742","A324D9",
"2022-02-12 12:00:14.742","C01074",
"2022-02-12 12:00:14.742","06A066",
"2022-02-12 12:00:14.742","A6657E",
"2022-02-12 12:00:14.833","C085EE",
"2022-02-12 12:00:14.847","A2A3B5",
"2022-02-12 12:00:14.882","86E780",
"2022-02-12 12:00:14.931","A84343",
"2022-02-12 12:00:14.931","780D9D",
"2022-02-12 12:00:14.937","4D0115",
"2022-02-12 12:00:14.947","43BE92",
"2022-02-12 12:00:14.985","867F8A",
"2022-02-12 12:00:14.998","7813BD",
"2022-02-12 12:00:15.034","71BD79",
"2022-02-12 12:00:15.083","A09947",
"2022-02-12 12:00:15.098","A9605B",
"2022-02-12 12:00:15.098","C038A7",
"2022-02-12 12:00:15.134","3C4588",
"2022-02-12 12:00:15.184","C01A72",
"2022-02-12 12:00:15.235","78168F",
"2022-02-12 12:00:15.289","71C045",
"2022-02-12 12:00:15.340","43EC92",
"2022-02-12 12:00:15.389","71BA09",
"2022-02-12 12:00:15.453","A9FDEB",
"2022-02-12 12:00:15.488","A96B14",
"2022-02-12 12:00:15.489","89902F",
"2022-02-12 12:00:15.539","A561FD",
"2022-02-12 12:00:15.589","C01074",
"2022-02-12 12:00:15.645","06A066",
"2022-02-12 12:00:15.696","C0309A",
"2022-02-12 12:00:15.741","86E780",
"2022-02-12 12:00:15.747","847517",
"2022-02-12 12:00:15.798","A6657E",
"2022-02-12 12:00:15.845","A324D9",
"2022-02-12 12:00:15.857","C038AA",
"2022-02-12 12:00:15.893","780D9F",
"2022-02-12 12:00:15.897","867F8A",
"2022-02-12 12:00:15.908","A9605B",
"2022-02-12 12:00:15.908","43BE92",
"2022-02-12 12:00:15.953","A84343",
"2022-02-12 12:00:15.953","C054D1",
"2022-02-12 12:00:15.953","4D0115",
"2022-02-12 12:00:15.958","A2A3B5",
"2022-02-12 12:00:16.009","7813BD",
"2022-02-12 12:00:16.052","71BD79",
"2022-02-12 12:00:16.152","A09947",
"2022-02-12 12:00:16.198","3C4588",
"2022-02-12 12:00:16.198","C01A72",
"2022-02-12 12:00:16.202","71C045",
"2022-02-12 12:00:16.248","78168F",
"2022-02-12 12:00:16.265","C038A7",
"2022-02-12 12:00:16.348","780D9D",
"2022-02-12 12:00:16.349","71BA09",
"2022-02-12 12:00:16.473","A9FDEB",
"2022-02-12 12:00:16.500","A96B14",
"2022-02-12 12:00:16.505","43EC92",
"2022-02-12 12:00:16.552","C01074",
"2022-02-12 12:00:16.601","A561FD",
"2022-02-12 12:00:16.659","06A066",
"2022-02-12 12:00:16.703","86E780",
"2022-02-12 12:00:16.703","89902F",
"2022-02-12 12:00:16.760","847517",
"2022-02-12 12:00:16.760","A6657E",
"2022-02-12 12:00:16.772","A2A3B5",
"2022-02-12 12:00:16.822","A9605B",
"2022-02-12 12:00:16.822","C038AA",
"2022-02-12 12:00:16.856","C054D1",
"2022-02-12 12:00:16.863","4D0115",
"2022-02-12 12:00:16.907","A324D9",
"2022-02-12 12:00:16.913","867F8A"